key	localised_description	localised_title	bundle_target	priority	ui_icon	is_global_effect	show_in_3d_space	owner_only
#effect_bundles_tables;4;db/effect_bundles_tables/vco								
vco_dilemma_payload_vmp_man_ossified_portal_first	I must return to Castle Drakenhof and study these books further. My sire will surely relinquish his claim once he witnesses my newfound power. If not... then he will suffer the same fate as the Devils of Swartzhafen.	Cross the Threshold	faction	1	blood_kiss.png	true	false	true
vco_dilemma_payload_vmp_man_ossified_portal_second	These dunes still hide many treasures. My business is not concluded here.	The Time Is Not Right	faction	1	blood_kiss.png	true	false	true
vco_dilemma_payload_vmp_man_ossified_portal_third	Sylvania is presently of no concern. I must focus my efforts elsewhere.	I Care Not	faction	1	blood_kiss.png	true	false	true
vco_victory_payload_all_campaign_victory_dummy	Completing a route will count as a campaign victory and will trigger the achievements. Do not worry, you still will be able to keep playing to complete the other routes or go for a world domination!	Campaign Victory	faction	1	hunter_effect_icons_loyalty_green.png	false	false	true
vco_victory_payload_brt_alb_2_dilemma_mananns_favour_calm_seas	The journey from Bordeleaux to Bregonne is usually fraught with danger, but for the Bretonnians the seas are as smooth as glass and the wind forever in their sails.	Guardian of the Waves	faction	1	icon_navy.png	true	false	true
vco_victory_payload_brt_alb_2_dilemma_mananns_favour_storms	Wherever Alberic does battle, his enemies are forced to reckon with whirlpools, tidal waves, foul weather and scores of creatures of the deep.	The Sea God's Wrath	faction	1	wh2_dlc11_spell_deep_tidecall.png	true	false	true
vco_victory_payload_brt_blessed_by_the_lady	Alberic has supped from the grail, becoming a god amongst men.	Blessed by The Lady	faction	1	vow_grail_positive.png	true	false	true
vco_victory_payload_brt_bordeleaux_reclaimed	The peasants are safe. Have them return to their labours, for idle hands are the daemon's playthings.	Bordeleaux Reclaimed	faction	1	peasant.png	true	false	true
vco_victory_payload_brt_rep_1_desert_crusades	As the peasants struggled to survive in these arid lands, Repanse instructed them to seek out the Fleur de Lys and to dig wherever the magical lilies were to be found. Sure enough, groundwater bubbled up from the earth, and thus, with the Lady's guidance, the new Bretonnian kingdom thrived.	Seek, and Ye Shall Find	faction	1	vco_fleur.png	true	false	true
vco_victory_payload_brt_rep_2_cleansing_the_land	The dead have been defeated. The lands of Nehekera are now free of the taint of evil that was inflicted so many years ago by the black-hearted sorcerer, Nagash. Yet evil still thrives in the lands beyond the Lady's reach. The Damoiselle de Guerre knows that the fight must go on.	The Eternal Errantry War	faction	1	vco_repanse_skull.png	true	false	true
vco_victory_payload_brt_rep_3_lyonesse_lawbringer	The pirate ships and their undead crews now rest at the bottom of the ocean. Vital supplies now flow freely from the mainland, sustaining Repanse's exploits in the desert.	Secure Shipping Lanes	faction	1	icon_navy.png	true	false	true
vco_victory_payload_brt_rep_dilemma_eternal_war_badlands	The Greenskins are infamous for their love to fighting. When they hear that an entire company of Bretonnians have breached their lands, they will descend upon them like flies to carrion. Repanse orders the men-at-arms to be outfitted with the very best arms and armour, for they must hold the line until the clarion call is sounded.	Into the Lion's Den	faction	1	wasteland.png	true	false	true
vco_victory_payload_brt_rep_dilemma_eternal_war_southlands	Henri, a veteran of countless campaigns, advises his charge that cavalary actions will be severely hampered by the dense jungles. Repanse acknowledges his sage counsel and instructs her archers to train hard. They will be instrumental in the wars to come.	Jungle Warfare	faction	1	jungle.png	true	false	true
vco_victory_payload_brt_the_sea_gods_wrath	The scourge of undeath has been banished from the waves. Manann is pleased.	Manann's Favour	faction	1	wh_dlc07_item_abilities_wrath_of_manann.png	true	false	true
vco_victory_payload_bst_mal_1_badlands_bloodground	Across the war-torn Badlands, the Harbinger's fell influence is omnipresent. Dwarfholds crumble before the vengeful earth, blood-watered soil nourishes strange, alien flora, and the war-steeds and livestock of the Greenskins grow to colossal size, and with frothing rage devour the tribes that had hunted and enslaved them for centuries.	The Badlands Blood-Ground	faction	1	wasteland.png	true	false	true
vco_victory_payload_bst_mal_2_seed_of_hate	With cruel relish, Malagor snuffed out his foes one-by-one. Their proud temples and soaring castles were torn down to their foundations and refashioned into mighty Herdstones. There are some who survived the bloodshed, however. On wings as black as night, Malagor descends to decide their fate.	Despoiler of the Sacred	faction	1	wh_dlc03_hero_passive_unholy_power.png	true	false	true
vco_victory_payload_bst_mal_3_bane_of_death	With the tainted blood and splintered bones of cursed men, Malagor's fell ritual spells the doom of the Undying King once and for all.	Ritual of the Nine Daemons	faction	1	wh3_pro11_hero_passive_bane_of_the_dead.png	true	false	true
vco_victory_payload_bst_mal_dilemma_harbinger_elfdwarf	Malagor's Harbingers stampede through the jungles of the Southlands, revelling in the thrill of the chase and its inevitable, bloody conclusion.	Hunting Season	faction	1	vco_harpy.png	true	false	true
vco_victory_payload_bst_mal_dilemma_harbinger_lizardmen	Scores of Lizardmen are skinned alive as they are devoured by the ravenous Beastmen. Their scaled hides are fashioned into crude shields and armour for the warherd.	Scale Armour	faction	1	wh2_dlc15_item_abilities_vine_dragon_scale.png	true	false	true
vco_victory_payload_bst_mal_dilemma_harbinger_repanse	The Damoiselle de Guerre screams out her last atop a raging pyre. Her agonised cries stoke the Beastmen to new heights of carnage.	Sacrificial Pyre	faction	1	wh3_twa07_mantle_of_immolation.png	true	false	true
vco_victory_payload_bst_mal_dilemma_harbinger_volkmar	Malagor's flock soars over the desert, descending wherever a Sigmarite colony is found. Their priests and priestesses are slaughtered upon their own altars, their flesh devoured and blood drunk in vile mockery of their most holy sacraments.	Faith Forsaken	faction	1	vco_volkmar_icon.png	true	false	true
vco_victory_payload_bst_tau_1_banebeast_naggaroth	Taurox has risen to the pinnacle of Khorne's favour. Even the foremost of the Blood God's daemons are forced to serve in his warherds.	Favoured One	faction	1	wh2_dlc17_lord_abilities_bloodbeast.png	true	false	true
vco_victory_payload_bst_tau_2_beastpaths_ruin	From Naggaroth to Lustria, all are prey, hunted for sport by the Slaughterhorn tribe. The strands of fate have been cut to shreds by Taurox's rune-tortured axes, and those who were once destined to bring him low now lay dead beneath his bloodsoaked hooves.	Baneblood	faction	1	wh_dlc03_unit_passive_primal_fury.png	true	false	true
vco_victory_payload_bst_tau_3_heart_dark	The Slaughterhorn tribe enact hideous rites at the Heart of the Dark, feeding thousands of captives into a gaping, gnashing maw at the very foundation of the herdstone. Men suffer evil dreams. Priests are plagued with temptation. Every beast feels a primal urge to kill and destroy, and the Cloven Ones march to war.	Rites of Ruin	faction	1	wh_dlc03_unit_passive_bloodgreed.png	true	false	true
vco_victory_payload_chd_ast_1_steel_sky	Through subtle arcane means, Astragoth commutes his curse to his unwitting disciples and thus postpones his own petrification indefinitely. Each season adds new ranks of petrified sorcerors to Zharr-Naggrund's causeway, and Astragoth's reign continues in perpetuity.	The Curse Denied	faction	1	vco_chd_sacrifice.png	true	false	true
vco_victory_payload_chd_ast_2_the_culling	As the last of the Greenskins scatters before the implacable might of the Disciples of Hashut, one among their number fights on. Astragoth readies his hammer and moves to put down this stubborn orc personally…	An Old Foe Returns	faction	1	wh2_dlc15_army_abilities_grimgors_waaagh.png	true	false	true
vco_victory_payload_chd_ast_3_hashut_wakes	Under Ironhand’s reign, the Dawi-Zharr Empire has reached a new pinnacle of power and influence. Great nations of men have been laid low, their denizens consigned to back-breaking labour in the factories and strip mines that now pockmark the Old World.	Reign of Iron	faction	1	wh3_dlc23_lord_passive_mechanical_overdrive.png	true	false	true
vco_victory_payload_chd_ast_dilemma_old_foe_enslave	With the legendary Black Orc Warlord in chains beside them, the Greenskins are stoked to new heights of violence.	Bellicose Labourers	faction	1	wh2_dlc15_army_abilities_grimgors_waaagh.png	true	false	true
vco_victory_payload_chd_ast_dilemma_old_foe_kill	Grimgor's shattered skull serves as a warning to all Greenskins who would dare to rise up against their betters.	Cowed Labourers	faction	1	waaagh_reward_greenskins.png	true	false	true
vco_victory_payload_chd_dra_1_show_of_strength	From the Falls of Doom to Ruin's End, the River Ruin is now completely under Drazhoath's control. The massive iron sluices of Zharr-Naggrund open and the warfleet emerges, ready to make the long journey to the open sea.	The Warfleet Resurgent	faction	1	wh3_dlc23_army_abilities_wrath_of_zharr.png	true	false	true
vco_victory_payload_chd_dra_2_trial_by_fire	Hordes of Cathay’s citizens are sacrificed in spectacular blood rituals for Drazhoath’s dark designs. Those fortunate enough to escape such horrors are sent to mines and factories across the Dark Lands, though some would argue this is a far worse fate.	The Conquest of Cathay	faction	1	wh3_survival_fos_soul_of_forge.png	true	false	true
vco_victory_payload_chd_dra_3_the_last_days	After centuries of ignorance, the Dwarfs of the Karaz Ankor now know the truth that the Dawi-Zharr learnt long ago: that the Ancestor Gods have forsaken all dwarf-kind. Some of the less stubborn survivors, undoubtedly the wisest of their kin, have pledged themselves to the Father of Darkness.	New Converts	faction	1	wh3_dlc23_army_abilities_armour_of_contempt.png	true	false	true
vco_victory_payload_chd_dra_witch_kings_gift_enslave	A great influx of labourers from the holds of a captured Black Ark has resulted in an impressive spike of productivity across the empire!	Labour Surplus	faction	1	vco_chd_enslave.png	true	false	true
vco_victory_payload_chd_dra_witch_kings_gift_sacrifice	As the Black Ark burned, the earth rumbled, and the sea began to boil. The ship slipped beneath the waves, and the Infernal Guard whispered praises to Hashut as their weapons took up their Dark Father’s flame.	Hashut’s Favour	faction	1	wh3_twa07_mantle_of_immolation.png	true	false	true
vco_victory_payload_chd_zha_1_storms_end	Ghorth the Cruel was most pleased to receive news of the conquest of [[col:fe_white]]Wei-Jin[[/col]]. A convoy of Daemonsmiths was sent to the [[col:fe_white]]Celestial Palace[[/col]] with great haste, where they wrought their fell magics upon the much coveted [[col:fe_white]]Wei-Jin Compass[[/col]].	Corrupted Wei-Jin Compass	faction	1	vco_chd_compass.png	true	false	true
vco_victory_payload_chd_zha_1_storms_end_roc	Manlings make perfect vessels for the daemons. They spend the long journey back to the forges of the Dark-Lands in sorcerous chains, howling for release and promising their captors a slow, painful death.	Daemonstock	faction	1	vco_ghorsts_daemon.png	true	false	true
vco_victory_payload_chd_zha_2_the_harrowing	The Warhost of Zhar lays siege to the [[col:subtitle_azazel]]Marcher Fortress[[/col]], intent on plundering its vast arsenal of hell-forged weapons. Such an action will surely draw the ire of the Dark Prince, but Zhatan is not concerned. He raises his axe and gives the order to attack, laughing all the while.	A Daring Raid	faction	1	wh3_main_character_abilities_gate_of_slaanesh.png	true	false	true
vco_victory_payload_chd_zha_3_hashuts_ascent	Zhatan’s forces have pacified their unruly neighbours, even going so far as to convert their volcanic deity into yet another forge for the ever-expanding empire.	The Fire Mouth Forge	faction	1	wh3_main_cataclysm_fire_magma_storm.png	true	false	true
vco_victory_payload_chd_zha_3_hashuts_ascent_1	Negotiations with Clan Moulder bore fruit, and the Sorcerer-Prophets were able to devise a means to dominate the will of the Black Orcs completely. Such a feat has elevated Zhatan to the peak of the Conclave’s favour.	Perfected Black Orcs	faction	1	wh2_dlc15_lord_passive_best_of_da_best.png	true	false	true
vco_victory_payload_chd_zha_marcher_fortress_magic	After careful study of the weaponry stolen from the Marcher Fortress (and fastidious experimentation upon hapless Labourers) the Sorcerer-Prophets can harness Hashut’s fire like never before.	Sorcerous Might	faction	1	vco_chd_magic.png	true	false	true
vco_victory_payload_chd_zha_marcher_fortress_might	By studying the strange and exotic weapons plundered from the Marcher Fortress, the Daemonsmiths have successfully refined their daemonic constructs.	Refined Constructs	faction	1	wh3_dlc23_unit_passive_daemonic_rebirth.png	true	false	true
vco_victory_payload_chs_arc_1_beginning_end	With a pulse of eldritch force, the Crown of Domination is placed upon your head. A vast ocean of battle-hardened warriors chants your name. You take up your blade and mount your steed, ready to march south to bring ruination and death to the world.	Dark Coronation	faction	1	wh_dlc01_item_passive_the_crown_of_domination.png	true	false	true
vco_victory_payload_chs_arc_2_slayer_kings	The Slayer of Kings is a huge sword with the raging soul of a captive Greater Daemon, U'zuhl, bound within it. Archaon claimed it from the hands of the Father of the Dragon Ogres, giving Archaon a weapon that has drunk the blood of kings for aeons. Now, he must decide U'zuhl's fate.	U'zhul's Fate	faction	1	wh_dlc01_weapon_abilities_the_slayer_of_kings.png	true	false	true
vco_victory_payload_chs_arc_2_slayer_kings_dilemma_denied	I said I would set you free, mighty daemon. I never said when.	U'zhul Denied	faction	1	wh3_main_tech_kho_5_1.png	true	false	true
vco_victory_payload_chs_arc_2_slayer_kings_dilemma_unbound	You are free, daemon. Free to serve as my pack mule. Now go, search the corpses of the slain. Bring back anything of value you find.	U'zhul Unbound	faction	1	wh3_main_tech_kho_3_1.png	true	false	true
vco_victory_payload_chs_arc_3_end_times	Deep beneath Middenheim there lies an ancient device, left from the age when the gods warred against the Old Ones; a device that, if properly coaxed, will unleash a rift to the Realm of Chaos.	The Gateway of Fauschlag	faction	1	icon_spell_vortex.png	true	false	true
vco_victory_payload_chs_aza_1_sycophants_gather	Azazel is always searching for souls who show great promise in the eyes of the Dark Gods. More often than not, however, he only finds those who are destined to become mewling Chaos Spawn.	Headhunter	faction	1	icon_soul_hybrid_slaanesh.png	true	false	true
vco_victory_payload_chs_aza_2_cathay_roc	Azazel rules Cathay from the Dragon Emperor's throne. Within his Celestial Pleasure Palace every vice is indulged, every temptation is pursued - no matter how heinous.	The Celestial Pleasure Palace	faction	1	wh3_dlc20_lord_abilities_temptator.png	true	false	true
vco_victory_payload_chs_aza_2_legions_march	Leaders of great nations come to grovel at your feet, swearing oaths of devotion and offering up tributes to the Dark Prince. Indulge one of them, and let the others feel the sweet sting of rejection.	The Supplicants Come	faction	1	bullet_sla_promise_of_perfection.png	true	false	true
vco_victory_payload_chs_aza_3_sigmars_folly	The men of the Empire have turned away from their worship of Sigmar. His temples have been profaned, now serving as Sacrificial Altars to the Dark Prince. Azazel rules from the Imperial Throne, resplendent in his dark glory. Sigmar's name will soon pass into obscurity, his deeds forgotten, his failure complete.	Faith Forsaken	faction	1	ghal_maraz_slaanesh.png	true	false	true
vco_victory_payload_chs_aza_dilemma_supplicants_come_brt	King Louen's headless corpse was bound wholly in armour and sent back to Couronne. The Corpse King now reigns over a nation of fools. None dare question his increasingly barbaric commands, although the stench grows stronger day by day.	The Corpse King	faction	1	wh_dlc07_unit_passive_icon_of_devotion.png	true	false	true
vco_victory_payload_chs_aza_dilemma_supplicants_come_bst	Beast and daemon couple together beneath the light of the full moon. The horrible sounds of rutting are reduced to soft murmurs of decadence and depravity, and any who bear witness to the unholy act quickly devolve into writhing Chaos Spawn.	A Night of Terror	faction	1	wh2_dlc17_army_abilities_touched_by_the_moon.png	true	false	true
vco_victory_payload_chs_aza_dilemma_supplicants_come_ksl	Azazel has transformed the Ice Palace of Kislev into a harem of depravity. The enraptured Ice Witches bow to his every whim. Meanwhile, the nation rejoices, for the Tzarina at last has an heir. None dare question their new prince's pedigree, however, for those that did were promptly disappeared by the Akshina.	Eternal Winter	faction	1	evil_queen_old.png	true	false	true
vco_victory_payload_chs_aza_dilemma_supplicants_come_wef	Beneath the twisting trees, daemons and dryads couple, giving birth to unholy misshapen creatures who are destined to bring misery to the lands of mankind. At Drycha's command, glamoured Elves are given over to Azazel's Ecstatic Legions. They succumb soon thereafter...	Forests of Sin	faction	1	wh2_dlc16_lord_abilities_roused_to_wrath.png	true	false	true
vco_victory_payload_chs_bel_1_shadows_albion	From east to west, all is ruin, all is despair, all is Chaos. Whether mortal or daemon, all will learn to fear the name... Be'lakor.	The Harbinger	faction	1	wh3_main_lord_passive_lord_of_torment.png	true	false	true
vco_victory_payload_chs_bel_2_no_strings_on_me	The Dark Brothers could only howl with frustration as they witnessed Be'lakor subjugate their greatest champions. Now the Dark Coronation will begin again, but this time the son will crown the father.	The First and the Last	faction	1	wh3_main_lord_abilities_shadow_shroud.png	true	false	true
vco_victory_payload_chs_bel_3_aetherophasic_engine	Deep within the Forge of Souls, Be'lakor's newest creation shudders with a roar of tortured metal and agonised souls. The Aetherophasic Engine is ready. All it needs is a target...	The Time is Nigh	faction	1	wh3_main_lord_abilities_the_dark_master.png	true	false	true
vco_victory_payload_chs_fes_1_infector_counts	Altdorf was once a proud beacon of civilisation in the war-torn lands of the Old World. Now, it is nothing more than a cragmire of death. With every passing moment, plague-ridden corpses flourish into tangled masses of alien vegetation. At the city's heart, reality buckles and fades, and daemons pour forth from the wound.	The Great Tribulation	faction	1	wh3_main_lord_passive_pestilent_decay.png	true	false	true
vco_victory_payload_chs_fes_2_strange_bedfellows	Upon delivery of the ingredients, the sickly rat lowers his hood, revealing a shocking sight...	The Lustrian Plagues	faction	1	wh2_main_spell_plague_pestilent_birth.png	true	false	true
vco_victory_payload_chs_fes_3_down_sickness	As Doctor Festus completed the great quest the Plaguefather set for him, a storm rumbled overhead, the indulgent laughter of a father proud of his son's antics. Festus was lit from within by a green-white light that poured from his eyes and mouth, his entire form resonating with the fell energies now bestowed upon him. The Fecundites bowed low, chanting his name over and over again. Surely, he now stands on the very threshold of daemonhood...	Festus Empowered	faction	1	wh3_dlc20_lord_abilities_harbinger_of_pestilence.png	true	false	true
vco_victory_payload_chs_fes_dilemma_lustrian_plague_air	Citizens stumble through the fume-choked cities of the Old World in a daze, coughing up blood and soon going blind as the smog ravages their eyes. Though most survive its effects, they inevitably succumb to madness and despair.	The Fugue Fog	faction	1	wh3_twa07_unit_passive_miasma_of_rot.png	true	false	true
vco_victory_payload_chs_fes_dilemma_lustrian_plague_water	Those who sup from the tainted warriors soon finded themselves confined to the privy, condemned to give birth to a torrent of red-ringed worms until their lifeforce is utterly spent.	The Bowelworm Pandemic	faction	1	wh2_dlc17_unit_contact_ark_of_sotek.png	true	false	true
vco_victory_payload_chs_val_1_blood_snow	Khorne roared in triumph when Valkia returned bearing the Witch King's severed head. He showered her in glory, raising her up to the very pinnacle of martial strength.	Khorne's Favoured	faction	1	wh3_dlc20_lord_passive_the_gaze_of_khorne.png	true	false	true
vco_victory_payload_chs_val_1_blood_snow_1	Though the Brides of Khaine are expert practitioners of violence, theirs is a tepid, restrained violence of ritual and sacrifice. The warriors of Khorne are violence incarnate, relentless and chaotic. Upon the field of battle, there is no question whose methods are superior.	Forsaken by Khaine	faction	1	wh2_dlc10_lord_abilities_gaze_of_khaine.png	true	false	true
vco_victory_payload_chs_val_1_blood_snow_roc	Khorne roared in triumph when Valkia returned bearing the Ice Queen's severed head. He showered her in glory, raising her up to the very pinnacle of martial strength.	Khorne's Favoured	faction	1	wh3_dlc20_lord_passive_the_gaze_of_khorne.png	true	false	true
vco_victory_payload_chs_val_2_bringer_glory	Rivers of blood stain the snows of Naggaroth Red. Smoke chokes the skies as dozens of ravaged settlements burn. Towering monoliths dot the landscape, each one marking a monument to a champion of Khorne who had been lifted up to daemonhood. All is as it should be.	Naggaroth's Ruin	faction	1	wh3_main_barricade_monument.png	true	false	true
vco_victory_payload_chs_val_2_bringer_glory_roc	Rivers of blood drench the parched wasteland. Smoke chokes the skies as dozens of ravaged settlements burn. Towering monoliths dot the landscape, each one marking a monument to a champion of Khorne who had been lifted up to daemonhood. All is as it should be.	Conquest of the Dark Lands	faction	1	wh3_main_barricade_monument.png	true	false	true
vco_victory_payload_chs_val_3_shup_up_daemon	Enraged at the constant humiliations frequented upon him, N'Kari has returned from the Realms of Chaos once more. Unconcerned, Valkia readies Slaupnir and prepares to humble N'Kari yet again.	N'Kari Approaches	faction	1	wh3_main_lord_abilities_willing_prey.png	true	false	true
vco_victory_payload_chs_val_dilemma_nkari_approaches_head	Those who bear witness to N'Kari's severed head are overawed at Valkia's might. Northmen flock to her banner, and servants of the Dark Prince question their own convictions.	A Skull for the Throne	faction	1	wh3_main_unit_passive_skullfeast.png	true	false	true
vco_victory_payload_chs_val_dilemma_nkari_approaches_heart	Though consuming N'Kari's heart granted the Gorequeen untold power, she now finds an overwhelming hatred for Elves burning within her.	A Bloodborne Hatred	faction	1	wh3_main_unit_passive_single_entity.png	true	false	true
vco_victory_payload_chs_vil_1_the_reckoning	Though the Warhost of the Apocalypse has been subdued, Archaon still remains defiant. Biding his time, he moves to confront Vilitch at his weakest moment - when Mannslieb shines brightly in the sky. So predictable...	The Three-Eyed King Approaches	faction	1	archaon_vco.png	true	false	true
vco_victory_payload_chs_vil_1_the_reckoning_roc	Archaon emerges from the Chaos Wastes, evidently infuriated by the Curseling's brazen conquest of the northmen. Biding his time, he moves to confront Vilitch at his weakest moment - when Mannslieb shines brightly in the sky. So predictable...	The Three-Eyed King Approaches	faction	1	archaon_vco.png	true	false	true
vco_victory_payload_chs_vil_2_master_puppets_roc	In Kislev, the great temple of Ursun is struck by a bolt of pink lightning and comes to terrible life. The temple drags itself across the city and attacks the Tzarina's Ice Palace with stone tentacles, enfanged finestras and warpfire-breathing gargoyles. When the Tzar Guard muster to confront it, the temple doors burst open to disgorge a horde of cackling daemons in its defence. None are spared.	The Long Night of Chaos	faction	1	possessed_vco.png	true	false	true
vco_victory_payload_chs_vil_2_puppet_state	Tzeentch's forces now control the Wu Xing Compass. This powerful artefact was once used to protect the people of Cathay. Now, it is utilised as a weapon of war, unleashing fearsome magics upon those it once safeguarded.	Corrupted Wu Xing Compass	faction	1	compass_tze.png	true	false	true
vco_victory_payload_chs_vil_3_doubters_folly_roc	As the Puppets of Misrule cornered Necoho's followers, Tzeentch's true scheme was revealed, for Necoho himself was present amongst his congregation, guised as an old man. Nine by nine Lords of Change descended on the scene from on high, and the ancient god was destroyed in a magical cataclysm of enormous scale. From his smouldering corpse, a gateway to the Realm of the Sorcerer was opened.	All According to Plan	faction	1	wh3_survival_tzeentch_crystals.png	true	false	true
vco_victory_payload_chs_vil_3_yueyins_diamond	With the diamond in your possession, the Moon Empress’ designs, whatever they were, have been thwarted. Her screams of rage were reportedly heard echoing down from the Celestial City.	Quai Yin's Lament	faction	1	yueyins_diamond.png	true	false	true
vco_victory_payload_chs_vil_dilemma_the_reckoning_body	Archaon's flesh was carved with Tzeentchian runes of binding, forcing Archaon to obey Vilitch's every command. Though the Everchosen still rallies the Forces of Chaos towards the End Times, none know the truth about his newfound allegiance...	Runes of Binding	faction	1	tzeentch_brand_vco.png	true	false	true
vco_victory_payload_chs_vil_dilemma_the_reckoning_mind	In the light of the baleful moon, the Everwatcher and the Curseling shattered Archaon's psyche, transforming him a slavering brute, obedient to Vilitch's every command.	Fractured Psyche	faction	1	archaon_possessed_vco.png	true	false	true
vco_victory_payload_cst_cyl_1_ghost_seashell	When the Siren sings, the wisest of her audience, be they slave or slaver, applaud and cheer her name, even as blood trickles from their ears. The fools who don't are dragged to the shore and drowned, re-emerging later with blue witch-lights burning in their eyes.	A Captive Audience	faction	1	wh2_dlc11_spell_vampires_drowned_dead.png	true	false	true
vco_victory_payload_cst_cyl_2_what_lurks_below	As Cylostra ventured deeper into the black abyss, she realised she was not alone. The ocean teemed with strange humanoid creatures with glowing eyes and gaping maws filled with millions of curved teeth, who were drawn to her ethereal light like moths to a flame. They scattered as a towering behemoth rose from the depths, a creature of primordial malevolence and alien intelligence. Its glowing eyes transfixed Cylostra, and her mind was filled with ancient knowledge.	A Light in the Darkness	faction	1	vco_cuthulu.png	true	false	true
vco_victory_payload_cst_cyl_2_what_lurks_below_1	As the Lamprey sails to war, all manner of strange sea creatures follow in her wake - soldiers of the Undersea Empire. Whether living or dead, they all share one thing in common: a deep hunger for the blood of the land-dwellers.	Terrors from the Abyss	faction	1	wh2_dlc11_spell_deep_denizens_of_the_deep.png	true	false	true
vco_victory_payload_cst_cyl_3_rising_tide_1	The Court of the Phoenix King now rests at the bottom of the Straits of Lothern. Her zombified 'stagehands' have since converted it into a sunken opera house. The time has finally come. Cylostra will sing for the Phoenix King!	The Sunken Soliloquy	faction	1	wh2_dlc11_lord_abilities_song_of_enthrallment.png	true	false	true
vco_victory_payload_cst_cyl_3_rising_tide_2	Cylostra's siren call echoes across the land, luring knights from all across Bretonnia to renounce the Lady of the Lake and pledge themselves to their new mistress, even unto death!	A Triumphant Return	faction	1	wh2_dlc11_character_abilities_beyond_the_realm.png	true	false	true
vco_victory_payload_cst_cyl_dilemma_finest_hour_comedy	As the Drowned march to war, the sounds of their mocking laughter spreads fear throughout the enemy's ranks.	Cackling Corpses	faction	1	vco_cackling_zombie.png	true	false	true
vco_victory_payload_cst_cyl_dilemma_finest_hour_heroic	Emboldened by Cylostra's stirring performance, the Drowned seek to emulate the heroic feats of the noble Knights of Bretonnia.	The Inspired Hordes	faction	1	wh_dlc07_unit_passive_icon_of_devotion.png	true	false	true
vco_victory_payload_cst_cyl_dilemma_finest_hour_sorrow	Cylostra's haunting melodies inflict her Drowned with a prolonged sense of melancholy. Since misery loves company, they are only too willing to share their fate Cylostra's foes.	The Sorrowful Dead	faction	1	vco_sorrowful_dead.png	true	false	true
vco_victory_payload_cst_cyl_dilemma_finest_hour_vanity	Cylostra basks in the adoration of the masses, curtsying gracefully as she is given a standing ovation. King Finubar claps so hard his hands fall off!	All Eyes On Me	faction	1	wh2_dlc11_lord_abilities_song_of_enthrallment.png	true	false	true
vco_victory_payload_cst_sar_1_captain_of_the_swordfysh	This moondail once belonged to Captain Jaego Roth, before he was slain by Count Noctilus. It enables its owner to pull of seemingly-impossible feats of navigation and piloting.	Jaego Roth's Moondail	faction	1	wh2_dlc11_item_abilities_captain_roths_moondial.png	true	false	true
vco_victory_payload_cst_sar_1_pirate_queen	Do you know what Aranessa Saltspite, Queen of the Pirates, did when the treasure she had sought was placed in front of her very eyes? She laughed.	The Pirate Queen	faction	1	bullet_cst_infamy.png	true	false	true
vco_victory_payload_cst_sar_2_daughter_of_manann_1	Those amongst Aranessa's crew who believe her to be the daughter of Manann fight with a bravado that is rarely seen upon the sun-baked timbers of a man'o'war.  After all, who else upon the seas can claim they share the favour of a god?	Manann's Favoured	faction	1	pirate_crew.png	true	false	true
vco_victory_payload_cst_sar_2_daughter_of_manann_2	Whether through Manann's divine intervention or simple chance, the floating carcasses of mighty sea beasts are a common sight for the sailors of the Swordfysh. The vampires pledged to the Pirate Queen's service waste no time reanimating the creatures and commanding them to follow in the ship's wake.	The Ocean Provides	faction	1	cst_sea_monster.png	true	false	true
vco_victory_payload_cst_sar_3_dead_man_s_vengeance_1	I want every gun we have to fire on that man.	More Cannons Than Sense	faction	1	wh2_dlc11_army_abilities_zhufbar_42_pounders.png	true	false	true
vco_victory_payload_cst_sar_3_dead_man_s_vengeance_2	As the Sartosans pillaged the rapidly sinking Bloody Reaver, one of their number came across this ancient tome. Upon touching it, they collapsed into ash. A Vampire Fleet Captain quickly recognised its importance and ensured its knowledge was not lost beneath the waves.	The Red Book of Van Hel	faction	1	book_nagash_5.png	true	false	true
vco_victory_payload_cth_cool_and_aloof	From the highest tower in the City of Smoke the Supreme Matriarch safeguards the nation.	Unreachable	faction	1	resource_bastion.png	true	false	true
vco_victory_payload_cth_dont_thread_on_ming	Across Cathay the merchants rejoice, for the trade routes are secure and wealth flows into the nation.	Safe Roads	faction	1	bullet_cth_the_ivory_road.png	true	false	true
vco_victory_payload_cth_in_harmony	With the daemons kept at bay, the land thrives and the people are content.	Empire of the Celestial Dragon	faction	1	bullet_cth_harmony.png	true	false	true
vco_victory_payload_cth_iron_into_gold	Diplomats from the west brave the Ivory Road to kneel before the Dragon Emperor and pledge their nations to his cause.	Global Trade	faction	1	diplomacy.png	true	false	true
vco_victory_payload_cth_kat_3_sister_rescued	Cultists continue to desperately chant their ritual of binding, even as the last of their defenders are cut down. Something vast roars from deep within the Dark Fortress, and a burst of blinding light briefly turns night to day. Miao dares not hope...	Hope Springs Eternal	faction	1	shen_zoo_temperance.png	true	false	true
vco_victory_payload_cth_miao_3_dilemma_sister_rescued_temperance	With Shen-Zoo safely returned, light shines on the Celestial Empire once more. The people rejoice and the shadows are banished.	Bringer of Light and Hope	faction	1	shen_zoo_temperance.png	true	false	true
vco_victory_payload_cth_miao_3_dilemma_sister_rescued_vengeance	Great was Shen-Zoo's fury against the servants of Chaos who had imprisoned her. Mortal warriors were torn apart by tooth and claw; legions of daemons were banished with her holy light.	Bringer of Wrath and Ruin	faction	1	shen_zoo_vengeance.png	true	false	true
vco_victory_payload_cth_the_northern_expedition	The Dragon Emperor and Moon Empress are one step closer to bringing their plan to fruition, but not even their children know what that plan is.	Upgraded Xu Wing Compass	faction	1	bullet_cth_compass.png	true	false	true
vco_victory_payload_cth_zha_2_warpstone_hoard	There's more than iron in Zhao Ming's blood. He rules a province too close to the Ogre's mouth - a land blighted by fell minerals and overrun by cloaked vermin. It's got to him! His sisters know, his brothers suspect... but his mother, the Empress, will not let anyone besmirch his name.	The Warpstone Hoard	faction	1	warpstone_hoard.png	true	false	true
vco_victory_payload_dae_god_1_ascension	First Kislev, then the world. All will bow before my dark majesty!	Worldslayer	faction	1	wh2_dlc11_army_abilities_norse_roar.png	true	false	true
vco_victory_payload_dae_god_2_succeeding_you	Rage and humiliation burning in his soul, Be'lakor places the Crown of Domination upon your brow and kneels before you, the true Everchosen.	Everchosen	faction	1	wh_dlc01_item_passive_the_crown_of_domination.png	true	false	true
vco_victory_payload_dae_god_3_frozen_heart_1	Ursun is dead. The Daemon Prince finally has what Be'lakor's lying tongue once promised: the fathomless power of a God.	God of Kislev	faction	1	evil_motherland.png	true	false	true
vco_victory_payload_dae_god_3_frozen_heart_2	The nation mourns, for their queen has fallen before the Daemon Prince...	Frostmourne	faction	1	evil_queen.png	true	false	true
vco_victory_payload_def_cop_1_stellar_pyramids_of_khaine	The Winds of Magic surge with newfound strength as the ancient Slann's still-beating heart is crushed in your grip. Khaine's bloodlust is sated... for now.	A Mighty Offering	faction	1	dlc10_death_night.png	true	false	true
vco_victory_payload_def_cop_2_hell_hath_no_fury_1	With the tear in reality now free to grow unchecked, legions of the Dark Prince's daemons pour through the breach.	Portal to the Dreaming Wood	faction	1	disciple_army.png	true	false	true
vco_victory_payload_def_cop_2_hell_hath_no_fury_2	This jewel was originally gifted to Morathi by Aenarion, before it was stolen by Anar. It cloaks the wearer in shadow.	The Stone of Midnight	faction	1	mannslieb_solar_eclipse.png	true	false	true
vco_victory_payload_def_cop_3_return_of_the_queen_1	From Ghrond's pinnacle, Sorceresses of the Dark Convent manipulate the Winds of Magic in Morathi's favour.	Ghrond Reclaimed	faction	1	magic.png	true	false	true
vco_victory_payload_def_cop_3_return_of_the_queen_2	The Hag Queen deliberately withholds the deepest secrets of the Cauldrons of Blood, thus chaining the Witch Elves to her will.	Hellebron Humbled	faction	1	bullet_def_murderous_prowess.png	true	false	true
vco_victory_payload_def_gan_1_sacrifice_slaughter_1	Khaine's Fury rages within these blades but his power comes at a price.	Blades of Khaine	faction	1	casualties.png	true	false	true
vco_victory_payload_def_gan_1_sacrifice_slaughter_2	Such a brutal sacrifice leaves a mark upon the world, and they cannot help but see it and recoil in horror. They fear us now, and we will feel that fear on the battlefield.	Taste their Fear	faction	1	dlc10_mortal_torment.png	true	false	true
vco_victory_payload_def_gan_2_suffer_not_another_queen_1	Look at them, they're pathetic... Once so proud but broken so easily. Put them to work in the pens, quickly!	Asur Slaves	faction	1	edict_def_demand_highborn_hostages.png	true	false	true
vco_victory_payload_def_gan_2_suffer_not_another_queen_2	The Druchi cannot help but stare in wonder and envy. The Crone has slain the Queen and Ulthuan is ablaze. They come, bowing low, gifts raised above their heads.	Admiration of the Druchi	faction	1	death_hag.png	true	false	true
vco_victory_payload_def_gan_3_eternity_awaits_1	The Cauldron so long denied to me is finally mine. From the very first sip I am renewed, Crone no longer.	One Sip, Eternal	faction	1	cauldron.png	true	false	true
vco_victory_payload_def_gan_3_eternity_awaits_2	No vengeance can ever taste as sweet as slaying Morathi., and no sacrifice to Drakira ever be as powerful... No matter, I have earned Drakira's favour today.	Drakira's Vengeance	faction	1	khainite_assassin.png	true	false	true
vco_victory_payload_dwf_gro_1_dilemma_elves_condemn	Malekith proved that the Elgi cannot be trusted. It is in their nature to lie and decieve, and the Dawi would be fools to forget this. The War of Vengeance will begin anew, and this time it will not end until we have their unconditional surrender. Muster the throngs - we march to Ulthuan!	Condemn the Elves	faction	1	wh2_dlc10_lord_abilities_oath_of_vengeance.png	true	false	true
vco_victory_payload_dwf_gro_1_dilemma_elves_forgive	The Grudge is struck. The Witch King's veiled machinations have been laid bare for all to see. Let us reforge the old alliances and stand together as one against the coming darkness.	Forgive the Elves	faction	1	treaty_peace.png	true	false	true
vco_victory_payload_dwf_gro_1_malekith_grudge	The Witch King is dead, turned to stone by Grungi's judgment. His hateful empire is in ruins, and his great betrayal has finally been avenged.	Grungi's Condemnation	faction	1	malekith_dead.png	true	false	true
vco_victory_payload_dwf_gro_2_high_elf_decision	The Isle of Ulthuan boasts treasures that rival even the greatest dwarfholds of the Everlasting Realm.	The Wealth of the Elves	faction	1	vow_questing_positive.png	true	false	true
vco_victory_payload_dwf_gro_3_age_reckoning	The White Dwarf has laid the foundation for a new Dwarfen realm amongst the snowy peaks of Naggaroth. May the Ancestor Gods watch over these trailblazers until their dying days!	Manifest Destiny	faction	1	god_effect_grungni.png	true	false	true
vco_victory_payload_emp_big_game_hunter	Nakai didn't wander far enough. His head now takes pride of place in the Huntmarshal's trophy room.	Big Game Hunter	faction	1	hunter.png	true	false	true
vco_victory_payload_emp_champions_of_the_empire	Arise, Huntsmarshal. You need not kneel in my presence; you have earned that right. Your expedition has brought honour and glory to the Empire in its hour of greatest need. Your brother would be proud.	Champions of the Empire	faction	1	captain.png	true	false	true
vco_victory_payload_emp_cursed_artifact_notidoq	This ancient artifact glows with an eldritch light, filling one's mind with a bestial fury.	Cursed Artifact of No'Tidoq	faction	1	dlc12_plaque_stage_3.png	true	false	true
vco_victory_payload_emp_kar_1_protector_empire	Marienburg's independence is no more. Rulership has been returned to the true Duke of Marienburg, Theoderic Gausser, and the wealth from its ports now flows into the imperial coffers once more.	The Reclamation of Marienburg	faction	1	bullet_emp_offices.png	true	false	true
vco_victory_payload_emp_kar_2_defier_dark	Upon the battlements of Castle Drakenhof, the Emperor slew Vlad von Carstein in personal combat, staking him through the heart to ensure he would never return. The Cleansing of Sylvania has begun, though it will take many years to purge these blighted lands.	The Cleansing of Sylvania	faction	1	bullet_emp_units.png	true	false	true
vco_victory_payload_emp_kar_3_karl_uniter	Whether through conquest or diplomacy, the Empire has gained newfound strength with which to wield against its rivals. Even Sigmar Heldenhammer himself did not command such martial and political strength in his lifetime.	Karl the Uniter	faction	1	vco_broshake.png	true	false	true
vco_victory_payload_emp_vol_1_restless_dunes	The great deserts of Nehekhara have been conquered in the name of Sigmar. From this new base of power, Volkmar supports his cults' ambitions further abroad.	Sigmar's Desert	faction	1	desert.png	true	false	true
vco_victory_payload_emp_vol_2_face_your_daemons	“Hear Me and obey, thou foulest Daemon! I cast ye out with the Might of My Arm, with the Iron of My Will and by the Fire of My Word. Thus do I vanquish ye in this world, and thus do I cast down thy stars and constellations, scattering the fell work of thy hands. Ever shall I pit myself against thy kind, and eternal shall be my wrath in the face of thy masters.”	The Exorcist	faction	1	wh_main_spell_bound_soulfire.png	true	false	true
vco_victory_payload_emp_vol_3_bibliophobe	With the final book in his possession, Volkmar journeys to Altdorf to seal them away in the vaults deep beneath the Holy Temple of Sigmar.	The Final Seal	faction	1	wh_main_spell_bound_shield_of_faith.png	true	false	true
vco_victory_payload_emp_vol_final_seal_shield	The rabid mobs that constitute the bulk of Volkmar's forces have been outfitted with freshly forged arms and armour. Such a decision was questioned by some politicians in Altdorf, but the Grand Theogonist paid no heed to their concerns.	Fresh Forged Steel	faction	1	wh_dlc04_unit_passive_flagellant_deathblow.png	true	false	true
vco_victory_payload_emp_vol_final_seal_sword	Emboldened by their recent victory, Volkmar's zealous troops are eager to embark on the next holy war. The Grand Theogonist sees no reason to deny them.	War Eternal	faction	1	wh_main_character_passive_benediction.png	true	false	true
vco_victory_payload_grn_gri_1_boss_east	After clubbing Greasus to death with his own sceptre and banishing Kholek from the mountains, the Ogres saw Grimgor as a living avatar of the Great Maw and pledged their allegiance.	Da Great Maw's Avatar	faction	1	waaagh_reward_ogres.png	true	false	true
vco_victory_payload_grn_gri_1_boss_east_cathay	With the combined might of the Greenskin and Ogre races, Grimgor cracked the Great Bastion of Cathay and burned the Dragon-fleets of Nippon. The Far East became green, and Da Immortulz soon grew to become masters at predicting and ambushing Cathayan caravan routes.	Da Ivory Road Bandit	faction	1	bullet_cth_the_ivory_road.png	true	false	true
vco_victory_payload_grn_gri_2_burn_badlands	The Dawi-Zharr have reaped what they have sown. They are now slaves to Grimgor, doomed to labour at their forges to produce arms and armour for his ever-growing Waaagh!	Slavesmiths	faction	1	bullet_dae_daemonic_gifts.png	true	false	true
vco_victory_payload_grn_gri_3_unfinished_business_1	“Dis way, ladz! I 'eard Ironhide's 'aving anuver big stunty bake!”	Stunty Bake	faction	1	waaagh_reward_dwarfs.png	true	false	true
vco_victory_payload_grn_gri_3_unfinished_business_2	“Dat's right 'umie, get ma choppa nice 'n frosty.”	Mushroom-Addled Ice Witch	faction	1	ksl_motherland_tor.png	true	false	true
vco_victory_payload_grn_gri_3_unfinished_business_3	Wot's dis do?	Pointy Fing	faction	1	mutagen.png	true	false	true
vco_victory_payload_hef_imr_1_eastern_ambitions	Envoys from Athel Loren arrive on dragonback, thanking the Knights of Caledor for their deeds. The Wood Elves remain for some time, teaching their kin some finer points of forest warfare, before departing back to their home.	Saviour of the Forest	faction	1	vco_forest_dragon.png	true	false	true
vco_victory_payload_hef_imr_1_eastern_ambitions_1	A royal retinue of staggering majesty arrives from the east, led by none other than the Jade Dragon himself. Imrik and Minaithnir are overawed at the display, and the trio converse for many hours. When the Cathayan Prince departs, Imrik smiles fondly. He is confident the Elves have found a new ally in the people of Cathay.	A New Ally	faction	1	vco_jade_dragon.png	true	false	true
vco_victory_payload_hef_imr_2_vengeance_dark_lands	Overthrown by the Knights of Caledor, the diabolic forges of the Black Dwarfs have since been repurposed to harness the dragon's flame. Zharr-Naggrund now serves as the lair of the dragon Lamoureux, Bane of Hashut.	The Dragon Forges of the Dark Lands	faction	1	vco_frost_dragon.png	true	false	true
vco_victory_payload_hef_imr_2_vengeance_dark_lands_1	The Lahmians supped on Shackolot's blood for years, feeding on his power. In the end, such power was but a flickering candle before the Black Dragon's fury. Ash is all that remains of them now.	Shackolot's Revenge	faction	1	vco_black_dragon.png	true	false	true
vco_victory_payload_hef_imr_3_gold_glory	Within the Hall of Dragons, Ymwrath sings the songs of awakening, rousing his kin from their long slumber. As a Star Dragon, his knowledge of the world is vast, and he is only too eager to pass on this knowledge to his younger kin.	Caledor Eternal	faction	1	vco_star_dragon.png	true	false	true
vco_victory_payload_hef_imr_3_gold_glory_1	Gordinar's conquests in the Badlands have allowed him to amass a modest treasure hoard for a dragon of his age. He is reluctant to part with even a single coin, but does so at Imrik's insistence.	Gordinar's Treasure Hoard	faction	1	vco_gold_dragon.png	true	false	true
vco_victory_payload_hef_tyr_1_defender_ulthuan	Not since the Age of Colonisation have the Elves known such prosperity.	The Age of Sanctuary	faction	1	dlc10_defender_of_ulthuan.png	true	false	true
vco_victory_payload_hef_tyr_2_love_and_war_1	With the Witch King's demise, revolts have broken out across Naggaroth. Thousands of slaves and druchii defectors flee the Black Cities, and some even flock to your banner.	Dawn of a New Age	faction	1	malekith_dead.png	true	false	true
vco_victory_payload_hef_tyr_2_love_and_war_2	Ostensibly the progeny of the Everqueen and the Phoenix King, some whisper that Aliathra's pedigree is... less than certain.	The Everchild	faction	1	dlc10_power_of_nature.png	true	false	true
vco_victory_payload_hef_tyr_3_fate_of_the_soul_1	After centuries of isolation, the Asrai now answer to the Phoenix King and the Elves of Ulthuan.	Reunification	faction	1	wh2_dlc15_unit_passive_mimic_forest_walker.png	true	false	true
vco_victory_payload_hef_tyr_3_fate_of_the_soul_2	Tyrion has reclaimed the original Phoenix Crown, which was stolen by the Dwarf King Gotrek Starbreaker at the Battle of the Three Towers. This aching wound to High Elf pride can finally heal.	The Original Phoenix Crown	faction	1	original_phoenix_crown.png	true	false	true
vco_victory_payload_kho_ska_1_great_game	The world is in flames, broken and crumbling. The Exile has served his purpose.	Khorne Ascendant	faction	1	mark_khorne.png	true	false	true
vco_victory_payload_kho_ska_2_blood_god	Skarbrand's Blood Hosts sweep across the land, drowning the world in blood.	The Reaping	faction	1	wh2_dlc17_weapon_passive_rune_tortured_axes.png	true	false	true
vco_victory_payload_kho_ska_3_skull_throne	Khorne sits resplendent in his rage upon the Skull Throne, pleased with your offering. But, of course, he is never satisfied. He demands more. More! MORE!	Skulls of the Desert	faction	1	bullet_kho_skull_piles.png	true	false	true
vco_victory_payload_ksl_bor_1_doomslayer_1	Against all the evil that Chaos can conjure, all the wickedness that mankind can produce, we will send unto them... only you.	Rip & Tear	faction	1	mark_of_doom.png	true	false	true
vco_victory_payload_ksl_bor_1_doomslayer_1_roc	Against all the evil that Chaos can conjure, all the wickedness that mankind can produce, we will send unto them... only you.	Rip & Tear	faction	1	mark_of_doom.png	true	false	true
vco_victory_payload_ksl_bor_1_doomslayer_2	Be'lakor and Kislev's fallen son are dead. Ursun's godly wrath ensured their souls never made it back to the Realms of Chaos. Never again will they threaten Kislev.	Ursun's Vengeance	faction	1	wh3_main_tech_ksl_4_12.png	true	false	true
vco_victory_payload_ksl_bor_2_ice_fire_1	The End Times have been averted. The greatest champions the Dark Gods could muster were no match for the Red Tzar and his fearsome mount.	Apocalypse No	faction	1	wh3_main_tech_ksl_1_11.png	true	false	true
vco_victory_payload_ksl_bor_2_ice_fire_2	The Chaos Dwarfs and their thrall Orcs were undone by a most unexpected foe - a great Kislevite host emerging out of the Chaos Wastes.	Dark Lands Crusaders	faction	1	chaos_dwarf_symbol.png	true	false	true
vco_victory_payload_ksl_bor_2_old_frontier_roc	The lands of Kislev now stretch from west to east, a great bastion of ice and steel harkening back to the glory days of old. Long live the Motherland!	Kislev Ascendant	faction	1	wh3_main_tech_ksl_2_01.png	true	false	true
vco_victory_payload_ksl_bor_3_blood_snow	The Motherland, now united in purpose, sends the Red Tzar's armies much needed foodstuff, ammunition and, most important of all - kvas!	Supply Trains	faction	1	bullet_cth_the_ivory_road.png	true	false	true
vco_victory_payload_ksl_kat_1_there_can_only_be_one_1	Does that hurt, comrade? I'm sorry; Sasha doesn't know his own strength sometimes. Please believe that I will learn what you're hiding from me; when I do, our next meeting will not be so pleasant.	The Red Room	faction	1	evil_motherland.png	true	false	true
vco_victory_payload_ksl_kat_1_there_can_only_be_one_2	The Mad Monk has bent the knee, claiming a vision from Ursun revealed to him the error of his ways. Perhaps this is true, or perhaps he simply realises he has lost the support of the people. Whatever the case, his zealous followers will be of great value in the wars to come.	United Against Chaos	faction	1	wh3_main_tech_ksl_4_15.png	true	false	true
vco_victory_payload_ksl_kat_2_kislev_love	The tears I might have shed for your dark fate... grow cold, and turn to tears of hate!	Frozen Heart	faction	1	wh_dlc08_quest_passive_frost_aura.png	true	false	true
vco_victory_payload_ksl_kat_3_defenders_world	Though hordes of savage Chaos worshippers have been put to route, countless more descend from the north, held at bay only by the might of Kislev. The Tzarina calls for aid, but who will answer?	A Call For Aid	faction	1	diplomacy.png	true	false	true
vco_victory_payload_ksl_kat_3_dilemma_call_for_aid_brt	King Louen Leoncoeur answered the call without hesitation, pledging a tenth of Bretonnia's hardier steeds to Kislev's cause. Though the Royarch must contend with his own troubles at home, he vows that Kislev will not face this threat alone.	The Northern Crusades	faction	1	bullet_brt_units.png	true	false	true
vco_victory_payload_ksl_kat_3_dilemma_call_for_aid_dwf	Death-seeking dwarfs from Slayer Keep journey to Kislev in droves, chanting their deathsongs and loudly declaring the superiority of Bugman's Ale over the local kvas to anyone who will listen.	The Slayers Come	faction	1	waaagh_reward_dwarfs.png	true	false	true
vco_victory_payload_ksl_kat_3_dilemma_call_for_aid_emp	Baggage trains loaded with firearms and artillery wind their way north from the foundries of Nuln, a show of support from the Empire.	Shipments from Nuln	faction	1	bullet_emp_offices.png	true	false	true
vco_victory_payload_ksl_kat_3_dilemma_call_for_aid_hef	A solemn procession of Elven mages arrives at Kislev's gates in the dead of night, sent by the Warden of the White Tower of Hoeth. They stand ready to fight alongside the Defenders of the World once more.	The Conclave of Light	faction	1	wh2_main_lord_passive_glamour_of_hoeth.png	true	false	true
vco_victory_payload_ksl_tgo_1_there_can_only_be_one	The Ice Queen's ruinous leadership will lead Kislev astray no longer. The Motherland is stronger for it.	Dethroned	faction	1	devotion.png	true	false	true
vco_victory_payload_ksl_tgo_2_the_last_bastion	The Supreme Patriarch knows without a shadow of a doubt that the only thing that stands between his people and annihilation is faith. A bright reflection of the dark sorcerers and champions of Chaos, he sees the land around him and Ursun as what he must protect and serve.	Ice Court Defectors	faction	1	ksl_motherland_dazh.png	true	false	true
vco_victory_payload_ksl_tgo_3_wololo_1	You follow a great man, but he is just a man. Follow the bear, and you will know true strength.	The Scourge of Altdorf	faction	1	wh_dlc03_weapon_abilities_scourge.png	true	false	true
vco_victory_payload_ksl_tgo_3_wololo_2	The followers of Handrich now see that the one true path to salvation lies through the renunciation of all wealth, preferably to the Patriarchs of the Great Orthodoxy.	The Conversion of Marienburg	faction	1	vow_questing_positive.png	true	false	true
vco_victory_payload_ksl_tgo_3_wololo_3	The wolf and the bear must stand together to brave the coming storm. The Great Orthodoxy will ensure such a union perseveres.	The Syncretism of Middenheim	faction	1	ksl_motherland_ursun.png	true	false	true
vco_victory_payload_ksl_tgo_3_wololo_4	Rejoice, peasants. The fires of Dazh have exposed your masters for what they truly were. Feed the flames, and your salvation will be ensured.	The Cleansing of Drakenhof	faction	1	wh2_dlc15_skill_hef_imrik_ashen_fields.png	true	false	true
vco_victory_payload_lzd_hex_1_solar_city	The interlopers have been purged. The Skink artisans and Kroxigor labourers can continue their work unabated.	The Age of Awakening	faction	1	construction.png	true	false	true
vco_victory_payload_lzd_hex_2_begone_thot	The Hag Queen and her cruel consorts have met their end, their souls now the playthings of the Ancient Enemy for all eternity. The arcane artifacts contained within Quintex are now at your disposal.	Saviour of Quintex	faction	1	slann_mage_priest.png	true	false	true
vco_victory_payload_lzd_hex_3_purging_warmbloods	The Geomantic Web thrums with power, the spawning pools thrash with new life - all is as the Old Ones foretold.	Lustria Resurgent	faction	1	vortex_lzd_3.png	true	false	true
vco_victory_payload_nor_wul_1_ragnarok_1	Seafang's figurehead greedily absorbed the blood of the slain challengers smeared upon it. The ship now thrums with an eldritch power that has spread across Wulfrik's entire fleet, filling their sails with the Winds of Magic.	The Winds Roar	faction	1	wh_dlc08_seafang.png	true	false	true
vco_victory_payload_nor_wul_1_ragnarok_2	Baleful monuments to your dark master poison the land and whip the Winds of Magic up into a hurricane gale, allowing hordes of daemons to manifest directly into the mortal realm.	Faithful Vassal	faction	1	chaos_gifts.png	true	false	true
vco_victory_payload_nor_wul_2_the_world_walker	With his Gift of Tongues, Wulfrik curses foes and goads them into recklessness. Whether he's besmirching a Dwarf's honour, questioning a Bretonnian's lineage or humiliating a haughty Elf - none can ignore his insults for long.	The Eternal Challenger	faction	1	wh_dlc08_lord_abilities_fight_or_die.png	true	false	true
vco_victory_payload_nor_wul_3_monster_hunt	We fought monsters. And we became them.	Monster Hunter	faction	1	wh_pro04_unit_abilities_enrage.png	true	false	true
vco_victory_payload_nor_wul_3_wheres_my_palico	The Norscans of Lustria have taught Wulfrik's warriors how to harvest and coat their blades in deadly poisons from the jungles.	Lustrian Tactics	faction	1	wh_dlc06_unit_passive_opportunist_murderer.png	true	false	true
vco_victory_payload_nur_kug_1_great_game	Nurgle's Chaos Cults rot the the world, weakening the strength of the armies of mortals and the morale of their civilian subjects. A single cough can lay low a legendary hero where feats of arms have failed. A sneeze can decimate an entire town. Where subtle measures fail, cultists can rip apart the veil between reality and the Realm of Chaos, summoning Nurgle's Daemons to lay waste with their contagions. As pestilence grips the world, Nurgle's power eclipses that of his brother gods.	Nurgle Ascendant	faction	1	mark_nurgle.png	true	false	true
vco_victory_payload_nur_kug_2_eastern_poxes	The aged Necromancer's resilience to toxins rivals those of Poxfulcrum herself. This delights Ku'gath to no end, as he makes an excellent subject for which to test his latest creations.	Ghorst Imprisoned	faction	1	wh2_dlc15_unit_passive_monstrous_disease.png	true	false	true
vco_victory_payload_nur_kug_2_eastern_poxes_1	Ku'gath took great delight in visiting the many sights and cities of Grand Cathay, showing his appreciation by sharing the many gifts he had created. In the southern and western provinces, crops withered, rice paddies were blighted, and the people took ill. They called him Zin-Fa and prayed to him for salvation. He was only too happy to oblige...	Zin-Fa the Ever-Pustulent	faction	1	wh3_main_tech_nur_7_5.png	true	false	true
vco_victory_payload_nur_kug_2_frozen_poxes_roc	Ku'gath's newest creation runs rampant through the oblasts. Brave Kossars stumble and fall, their blood crystalising in their veins, their hearts pierced in a hundred different places by the tiny shards. The Ice Witches suffer the most; their corpses nightmares to behold: great shards of ice emerging from gaping mouths and bloody eye sockets.	Kislevian Gout	faction	1	wh3_main_tech_nur_4_3.png	true	false	true
vco_victory_payload_nur_kug_3_death_dwarfs	Ku'gath once spent several centuries within the Forge of Souls as punishment for his failure against the Dwarfs. Yet the Urfather was always a forgiving father towards his children. This recent victory has raised Ku'gath to the pinnacle of Nurgle's favour once more.	The Urfather's Forgiveness	faction	1	wh3_main_tech_nur_1_3.png	true	false	true
vco_victory_payload_nur_kug_3_death_dwarfs_1	Ku'gath, ever generous with his children, gifted them with his newest creation, derived from the pollutants found within the River Ruin. The Nurglings are soon overjoyed to discover their skin hardening like iron from this new gift.	River Ruin Pathogen	faction	1	wh2_dlc15_unit_passive_nightgoblin_poison.png	true	false	true
vco_victory_payload_ogr_gre_1_rich_walk	Greasus' wealth is now so obscene that even the lowliest Gnoblar in his tribe is bedecked in finery that would beggar a noble. All vie to join the Goldtooths and share in their wealth, and even the great nations of the world are enticed by the Hoardmaster's lucrative offers.	Hoardmaster	faction	1	vow_questing_positive.png	true	false	true
vco_victory_payload_ogr_gre_2_overtyrants_reign_1	In recognition of Greasus' indisputable dominion over these lands, the Black Dwarfs of Zhar-Naggrund have gifted him with a powerful daemon engine to strap to the back of his cart. In return, they merely ask that he look the other way when the occasional Cathayan caravan goes missing...	Hell on Wheels	faction	1	battle_movement_character.png	true	false	true
vco_victory_payload_ogr_gre_2_overtyrants_reign_2	Grimgor's armour was forged in the blood of Dwarf Runepriests, thus granting it potent defensive properties. As it was far too small for Greasus' magnificent bulk, it was melted down and reforged into a gut-plate of terrific proportions.	Blood-forged Gut-plate	faction	1	armour.png	true	false	true
vco_victory_payload_ogr_gre_3_drakecrush	The Cathayans have now accepted their place at the Overtyrant's feet. Caravans journey to his Great Hall laden with gold, gemstones and exotic meats, hoping to barter for safe passage across the Ivory Road. Each season, their profit margins grow smaller.	Subservient Cathayans	faction	1	bullet_cth_the_ivory_road.png	true	false	true
vco_victory_payload_ogr_skr_1_pilgrim_maw	The Prophet's revelation came as he journeyed to both locations. The Great Maw was one god of two aspects, a mighty beast who would one day gorge itself on the whole world.	More Maw!	faction	1	wh3_main_tech_ogr_2_9_0.png	true	false	true
vco_victory_payload_ogr_skr_1_pilgrim_maw_roc	Skrag returns to the almighty God Mouth and pays the necessary tribute: a veritable mountain of meat harvested from those foolish enough to stand in his way.	Journey's End	faction	1	wh3_main_tech_ogr_2_9_0.png	true	false	true
vco_victory_payload_ogr_skr_2_age_of_ogres	The Great Maw's greatest prophet has founded a new Ogre Kingdom in the very heartland of Bretonnia. The Land of Chivalry is now anything but, and the Lady of the Lake has seemingly deserted her people, though some claim that she was dragged screaming into Skrag's maw-cauldron...	A New Ogre Kingdom	faction	1	bullet_brt_units.png	true	false	true
vco_victory_payload_ogr_skr_2_age_of_ogres_roc	The Great Maw's greatest prophet has founded a new Ogre Kingdom in the centre of the Empire. This once mighty nation of men is now naught but livestock for the Ogre tribes who now call these lands their own.	The Ogre Empire	faction	1	bullet_emp_offices.png	true	false	true
vco_victory_payload_ogr_skr_3_hunger_power	The Gorgers have feasted well. Their mutated forms now ripple with power, a clear sign of the Great Maw's blessing.	Well-Fed	faction	1	bullet_ogr_meat.png	true	false	true
vco_victory_payload_skv_esh_1_eshin_trials	Sneek and the Deathmaster have expanded Eshin's Trials as more capable candidates pass their tests and are granted the Master Assassin title.	Eshin Trials	faction	1	instability.png	true	false	true
vco_victory_payload_skv_esh_2_magnus_sicarius_1	Ku'gath and his plagues are no longer infecting this world with their foul stench, but some of his treasure survived the purge - strange potions and barely legible notes among the spoils.	A Plague No More	faction	1	breeding_3.png	true	false	true
vco_victory_payload_skv_esh_2_magnus_sicarius_2	Ironhammer and his ghosts did not see us coming, and they paid the ultimate price. The Council will demand a great price from the Goblins, that much is certain.	Even Iron Can Shatter	faction	1	icon_dwf_thorek_artifact_part_2b.png	true	false	true
vco_victory_payload_skv_esh_2_magnus_sicarius_3	We could not kill it, it was too strong. It needed a new host after Darkblade was slain... It found one.	Host of T'zarkan	faction	1	wh2_dlc14_def_tzarkans_whispers.png	true	false	true
vco_victory_payload_skv_esh_3_the_night_is_quiet_once_again_1	Snikch's blades have slaughtered so many yet remain so impressively sharp. The Clans pray to the Horned Rat that those blades do not turn their way next.	Fame and Fury	faction	1	assassin.png	true	false	true
vco_victory_payload_skv_esh_3_the_night_is_quiet_once_again_2	Our Assassins have studied the Vampire's movement - we know now how they fight, and we'll use that against the rest of their kind.	Quick Study	faction	1	battle_movement.png	true	false	true
vco_victory_payload_skv_mdr_1_yes_yes_prepare_the_lab	Cross-breeding all manner of creatures and utilising the mutating effects of warpstone, Throt is ever seeking to create more destructive creatures to set on his enemies and trade with other clans.	Stitched Up!	faction	1	growth_juice.png	true	false	true
vco_victory_payload_skv_mdr_2_the_vermintide_comes	Winding lines of corpse-wagons journey towards Hell Pit, ensuring Throt's gluttonous creations have a constant supply of flesh to sate their ravenous appetites.	A Cornucopia of Flesh	faction	1	skaven_food.png	true	false	true
vco_victory_payload_skv_mdr_3_dilemma_devour_godflesh	Like a squished moth, Ariel is now nothing but a pulp consumed by Throt to abate his hunger, with the remains used to augment his twisted hench-rats!	Deific Feast	faction	1	godflesh.png	true	false	true
vco_victory_payload_skv_mdr_3_dilemma_trade_godflesh	The Mage-Queen's pulped remains have been bottled into hundreds of vials, each one worth a small fortune in warpstone. Envoys from every clan in Skavendom journey to Hell Pit in the hopes of acquiring the precious substance.	Supply and Demand	faction	1	warpstone_hoard.png	true	false	true
vco_victory_payload_skv_mdr_3_the_frozen_dead	These frozen corpses will make for excellent sources of mutagen with which to bolster the ferocity of the Master Mutator's creations.	The Frozen Dead	faction	1	norse_god_hound.png	true	false	true
vco_victory_payload_skv_mdr_3_ultimate_harvest	With the Mage-Queen's demise, Throt prepares to harvest her divine flesh...	Godflesh	faction	1	godflesh.png	true	false	true
vco_victory_payload_sla_nka_1_the_great_game	The Dark Prince's power waxes so strongly that it can no longer be contained within the Realms of Chaos. Storms howl outwards from the polar gates, driving his servants onwards to commit countless unspeakable acts in his name.	Slaanesh Ascendant	faction	1	mark_slaanesh.png	true	false	true
vco_victory_payload_sla_nka_1_the_great_game_1	And all the men and women merely playthings for the Daemonettes.	All The World's A Stage	faction	1	disciple_army.png	true	false	true
vco_victory_payload_sla_nka_1_the_great_game_roc	The Dark Prince's power waxes so strongly that it can no longer be contained within the Realms of Chaos. Storms howl outwards from the polar gates, driving his servants onwards to commit countless unspeakable acts in his name.	Slaanesh Ascendant	faction	1	mark_slaanesh.png	true	false	true
vco_victory_payload_sla_nka_2_paradise_lost	Let the arrogant fools indulge themselves in fine liquors, exotic sweetmeats and the pleasures of the flesh. Then they shall feast again, and indulge in pleasures of a different sort...	Cult Following	faction	1	bullet_sla_devotees.png	true	false	true
vco_victory_payload_sla_nka_3_bloodline_aenarion	Aenarion's final humiliation is at hand. Vengeance never tasted so sweet...	Best Served Cold	faction	1	waaagh_reward_elves.png	true	false	true
vco_victory_payload_sla_nka_3_wrath_desire_roc_1	Skarbrand's anguished soul now writhes within the Witstealer, granting the blade unparalleled strength.	Bound to the Blade	faction	1	wh2_main_weapon_passive_heartrender_and_the_darksword.png	true	false	true
vco_victory_payload_sla_nka_3_wrath_desire_roc_2	Open your hearts to the Flesh-Tempter! No, literally...	Sweet Surrender	faction	1	waaagh_reward_humans.png	true	false	true
vco_victory_payload_tmb_ark_1_thy_kingdom_come	Arkhan journeys across the dunes, enslaving Tomb Kings from every dynasty and binding their legions to his will. Those who resist are destroyed utterly - their powdered bones lost to the sands of time forevermore.	Thy Will Be Done	faction	1	unit_capacity.png	true	false	true
vco_victory_payload_tmb_ark_2_born_to_serve	These bloodthirsty creatures will make fine foot soldiers in the wars to come. Let their blight curse the lands.	Know Your Place	faction	1	waaagh_reward_undead.png	true	false	true
vco_victory_payload_tmb_ark_3_faithful_servant	Foremost of the Dark Lords, Arkhan heralds in a new age of death and despair.	Mortarch of Sacrament	faction	1	bullet_vmp_units.png	true	false	true
vco_victory_payload_tze_kai_1_great_game	Was this Tzeentch's ultimate goal, or merely one further step towards another end? To even begin to unravel his intentions is to invite madness, for perhaps he is mad himself, and his plans are, in fact, utterly devoid of all reason.	Tzeentch Ascendant	faction	1	mark_tzeentch.png	true	false	true
vco_victory_payload_tze_kai_2_fateweavers_vengeance_roc	The Plaguefather now languishes within the Forge of Souls, his soul the plaything of the daemonsmiths. Without his meddlesome interference, Nurgle's festering gardens swifly decay down to nothing, supplanted by crystalline structures which burst forth from the parched earth.	The Fateweaver's Vengeance	faction	1	wh3_main_tech_tze_3_1.png	true	false	true
vco_victory_payload_tze_kai_2_twelve_artefacts_roc	Though most of the artefacts have been sent to the Impossible Fortress for his master's inscrutable designs, others have been kept for the Fateweaver's personal use in combat.	The Twelve Artefacts of Gilles le Breton	faction	1	wh_dlc07_unit_passive_icon_of_devotion.png	true	false	true
vco_victory_payload_tze_kai_2_visions_past	Though the Lizardmen of the present era had little understanding of these ancient relics, Kairos had long studied their purpose within the Impossible Fortress. His mastery of their magics rivals even those of a first generation Slann.	Artifacts of the Old Ones	faction	1	barrier.png	true	false	true
vco_victory_payload_tze_kai_3_visions_future	Fate has been rewritten. Those who were once destined to defeat Kairos now lie dead beneath his claws, their arcane baubles serving only for his entertainment. All is as was foreseen...	Trinkets of the Slain	faction	1	item_ability.png	true	false	true
vco_victory_payload_tze_kai_3_wu_xing_compass_roc	Tzeentch's forces now control the Wu Xing Compass. This powerful artefact was once used to protect the people of Cathay. Now, it is utilised as a weapon of war, unleashing fearsome magics upon those it once safeguarded.	The Wu Xing Compass	faction	1	compass_tze.png	true	false	true
vco_victory_payload_vmp_hel_1_necrotic_harvest	With the ichor of the Plaguefather, the bones of the dragon Minaithnir, and the blood of the Grand Theogonist, Helman enacts his grand ritual atop the highest steeple of Nagashizzar.	Necrotic Surge	faction	1	undead.png	true	false	true
vco_victory_payload_vmp_hel_2_killing_fields_cathay	Helman's horde of walking corpses is beyond counting, swollen to unstoppable proportions by the massacre of Cathay's inhabitants.	The Numberless Dead	faction	1	vco_cathayan_zombie.png	true	false	true
vco_victory_payload_vmp_hel_3_the_summoning	Blood and bone simmers within the Darkforged Vessel. The preparations are complete. Helman begins intoning words of dread power from the Liber Noctis...	The Pact	faction	1	vco_purple_hand.png	true	false	true
vco_victory_payload_vmp_hel_dilemma_dark_bargain_accept	Though his brothers have passed on to Morr's Garden, the price for their safe passage was steep. Helman's soul is now forfeit to Malal, and his body is now under daemonic possession. Eyes glowing with balefire, Helman now serves the Renegade God.	Daemonic Possession	faction	1	vco_ghorsts_daemon.png	true	false	true
vco_victory_payload_vmp_hel_dilemma_dark_bargain_reject	Enraged at the daemon's lies, Helman has captured the entity and taken its powers for his own. Using this newfound strength, he has bound his brothers' spirits to their ravaged bodies, but still, something is wrong. They beg for death. Surely, they would be grateful. Determined as ever, Helman continues his hopeless quest.	Tethered Spirits	faction	1	vco_spirit_zombie.png	true	false	true
vco_victory_payload_vmp_kem_1_locus_of_power	The icy rock fortresses thrum with dead energies, and those willing to draw upon such foul powers will sweep down from the mountains with death in their eyes!	Locus of Power	faction	1	magic.png	true	false	true
vco_victory_payload_vmp_kem_1_sea_of_bones	The plains of the Bretonnians lay covered in a sea of their bones, latent, still, awaiting the call to serve the Lichemaster.	Sea of Bones	faction	1	bloodline_necrarch.png	true	false	true
vco_victory_payload_vmp_kem_2_age_of_the_living_is_ending	Men once sat on their proud stone thrones, surrounded by Counts in their great and expansive Empire. Now their capitals lie empty, razed to rubble, or quiet and filled with the dead. Their Emperor no-where to be seen.	Age of the Living is Ending	faction	1	military.png	true	false	true
vco_victory_payload_vmp_kem_3_immortal_lich	Wounded once, driven to madness after a duel of three days and nights, Kemmler knew defeat. Not again shall he feel such weakness, his immortality now absolute.	Immortal Lich	faction	1	bloodline_von_carstein.png	true	false	true
vco_victory_payload_vmp_kem_3_unhallowed_necromancers	Necromancers flock to his banner in Nagash's absence. Heinrich Kemmler's power permeates the very air around him, and the Necromancers grow ever stronger in his midst.	Unhallowed Necromancers	faction	1	bloodline_von_carstein.png	true	false	true
vco_victory_payload_vmp_man_1_restless_dunes	Built from the fused remains of a dozen conquered Tomb Kings, this monolith throbs with unholy power.	The Ossified Monolith	faction	1	bullet_tmb_dynasty.png	true	false	true
vco_victory_payload_vmp_man_2_reclaim_throne	This land is my home, my birthright. The wind and rain are my allies. The trees and stones are my foot soldiers. The very earth will rise up against you should you try to take it from me. And my people will feast on your bones.	Return of the Count	faction	1	blood_kiss.png	true	false	true
vco_victory_payload_vmp_man_3_death_comes_for_all_1	Nagash was a fool, too weak to see his dreams realised. I will build an empire of death atop his broken legacy.	The Mortarch of Night	faction	1	hunter_effect_icons_wanted_level.png	true	false	true
vco_victory_payload_vmp_man_3_death_comes_for_all_2	From Nuln to Nordland, all pay the blood tithe and live only to serve the von Carsteins.	The Dread Emperor	faction	1	bloodline_von_carstein.png	true	false	true
vco_victory_payload_wef_twi_1_dreaming_wood_1	The portal is sealed, and the Daemons denied passage into this world. Now cleansed of all malice, the forest of Naggaroth can be bound to Athel Loren. The Weave of life and death grows ever stronger!	Sweet Dreams	faction	1	dreaming_wood_portal.png	true	false	true
vco_victory_payload_wef_twi_1_dreaming_wood_2	The Mage Queen stayed her hand in ages past. Her Heralds did not make the same mistake. Morathi is dead. Her Dark Covent unmade. Her Tower of Prophecy torn down to its foundations. Let the world be free of her scheming at last.	Vengeance of the Mage Queen	faction	1	wh2_dlc16_lord_passive_conjoined_destiny.png	true	false	true
vco_victory_payload_wef_twi_2_vauls_anvils	With the Hammer of Vaul and Caledor's volcanic furnaces at his disposal, Lord Daith's creations now rival those of the God of Smiths himself.	Godlike Craftsmanship	faction	1	wh_main_hero_passive_forgefire.png	true	false	true
vco_victory_payload_wef_twi_3_sacred_pools_1	Whether venturing through the Old World or the New, all men should know to fear the forests.	Guardians of the Pools	faction	1	wh_dlc05_unit_passive_guardians_of_the_wildwood.png	true	false	true
vco_victory_payload_wef_twi_3_sacred_pools_2	Within the Everqueen's Grove, Alarielle reigns upon her Oaken Throne. With the passing of the seasons her body withers and the roots pierce deeper into her flesh, but Athel Avelorn thrives. Such is Isha's will.	Isha's Embrace	faction	1	wh2_dlc10_lord_passive_boon_of_isha.png	true	false	true
vco_volkmar_banner_effect_bundle	Even the faith of mighty Volkmar was sorely tested as he was taken up and chained to the battle standard of Malagor's warherd.	Jade Griffon Banner	character	1	bestial_rage.png	true	false	true
